{
  "drizzle-version": "3.0.0",
  "drizzle-global": {
    "state": {
      "showCounts": false,
      "flatSchemas": false,
      "dataFormats": null,
      "expandSubviews": false,
      "paginationType": "limit-offset"
    },
    "version": 0
  },
  "drizzle-db-49471894-postgresql://neondb_owner:npg_iQA5hzjDda6g@ep-crimson-lab-a5om2j7w.us-east-2.aws.neon.tech/neondb?sslmode=require": {
    "state": {
      "currentPage": "main",
      "filterViews": {
        "public.users": [
          {
            "id": "filter-view-public.users-jtk7CY3C0iZZRWOLevRxD",
            "name": "cnpj ASC",
            "filters": [],
            "columnSettings": {},
            "pagination": {
              "limit": 50,
              "offset": 0
            },
            "sort": {
              "column": "id",
              "type": "ASC"
            }
          }
        ]
      },
      "isSidebarOpen": true,
      "isShowSidebarContent": true,
      "filtersVisible": false,
      "sidebarWidth": 268,
      "currentSchemaName": "public",
      "currentTable": {
        "id": "public.credit_applications",
        "type": "table",
        "name": "credit_applications",
        "schema": "public",
        "createdRecords": [],
        "editedFields": [],
        "filters": [],
        "pagination": {
          "limit": 50,
          "offset": 0
        },
        "records": [],
        "sort": null,
        "columnSettings": {
          "id": {
            "hidden": false
          },
          "user_id": {
            "hidden": false
          },
          "legal_company_name": {
            "hidden": false
          },
          "trading_name": {
            "hidden": false
          },
          "cnpj": {
            "hidden": false
          },
          "state_registration": {
            "hidden": false
          },
          "municipal_registration": {
            "hidden": false
          },
          "address": {
            "hidden": false
          },
          "city": {
            "hidden": false
          },
          "state": {
            "hidden": false
          },
          "zip_code": {
            "hidden": false
          },
          "phone": {
            "hidden": false
          },
          "email": {
            "hidden": false
          },
          "website": {
            "hidden": false
          },
          "shareholders": {
            "hidden": false
          },
          "business_sector": {
            "hidden": false
          },
          "annual_revenue": {
            "hidden": false
          },
          "main_imported_products": {
            "hidden": false
          },
          "main_origin_markets": {
            "hidden": false
          },
          "requested_amount": {
            "hidden": false
          },
          "currency": {
            "hidden": false
          },
          "products_to_import": {
            "hidden": false
          },
          "justification": {
            "hidden": false
          },
          "required_documents": {
            "hidden": false
          },
          "optional_documents": {
            "hidden": false
          },
          "documents_status": {
            "hidden": false
          },
          "status": {
            "hidden": false
          },
          "current_step": {
            "hidden": false
          },
          "reviewed_by": {
            "hidden": false
          },
          "reviewed_at": {
            "hidden": false
          },
          "approved_amount": {
            "hidden": false
          },
          "interest_rate": {
            "hidden": false
          },
          "payment_terms": {
            "hidden": false
          },
          "review_notes": {
            "hidden": false
          },
          "created_at": {
            "hidden": false
          },
          "updated_at": {
            "hidden": false
          },
          "monthly_import_volume": {
            "hidden": false
          },
          "pre_analysis_status": {
            "hidden": false
          },
          "risk_level": {
            "hidden": false
          },
          "analysis_notes": {
            "hidden": false
          },
          "requested_documents": {
            "hidden": false
          },
          "admin_observations": {
            "hidden": false
          },
          "analyzed_by": {
            "hidden": false
          },
          "analyzed_at": {
            "hidden": false
          },
          "financial_status": {
            "hidden": false
          },
          "credit_limit": {
            "hidden": false
          },
          "approved_terms": {
            "hidden": false
          },
          "financial_notes": {
            "hidden": false
          },
          "financial_analyzed_by": {
            "hidden": false
          },
          "financial_analyzed_at": {
            "hidden": false
          },
          "admin_status": {
            "hidden": false
          },
          "final_credit_limit": {
            "hidden": false
          },
          "final_approved_terms": {
            "hidden": false
          },
          "final_down_payment": {
            "hidden": false
          },
          "admin_final_notes": {
            "hidden": false
          },
          "admin_finalized_by": {
            "hidden": false
          },
          "admin_finalized_at": {
            "hidden": false
          },
          "attachments": {
            "hidden": false
          },
          "used_credit": {
            "hidden": false
          },
          "available_credit": {
            "hidden": false
          },
          "admin_fee": {
            "hidden": false
          },
          "user_id_user_id": {
            "hidden": false
          },
          "reviewed_by_user_id": {
            "hidden": false
          },
          "analyzed_by_user_id": {
            "hidden": false
          },
          "financial_analyzed_by_user_id": {
            "hidden": false
          },
          "admin_finalized_by_user_id": {
            "hidden": false
          },
          "credit_usages": {
            "hidden": false
          },
          "imports": {
            "hidden": false
          }
        },
        "historyId": "FUegpUX-nRN_k9WRZq-wO"
      }
    },
    "version": 1
  }
}